item,store,price_per_unit,category,calories,carbs_g,protein_g,unsat_fat_g,sat_fat_g,trans_fat_g,fiber_g,sugar_g,added_sugar_g,sodium_mg,serving_size_g,price_per_serving 
Mandarin Orange Chicken,"Trader Joe’s – 931 Monroe Dr NE, Atlanta, GA 30308",7.92,protein,282,9,27,9.4,4.4,0,0,16,3,748,3,2.64
Chicken Tikka Masala,"Trader Joe’s – 931 Monroe Dr NE, Atlanta, GA 30308",5.46,protein,209,5,28,6.9,4.1,0,1,7,10,764,2,2.73
Butter Chicken with Basmati Rice,"Trader Joe’s – 931 Monroe Dr NE, Atlanta, GA 30308",9.44,protein,360,3,33,8.9,4.1,0,2,9,6,426,4,2.36
Paneer Tikka Masala,"Trader Joe’s – 931 Monroe Dr NE, Atlanta, GA 30308",2.06,protein,116,44,3,2.5,2.1,0,3,11,1,738,6,0.343333333
Chicken Burrito Bowl,"Trader Joe’s – 931 Monroe Dr NE, Atlanta, GA 30308",5.7,protein,420,29,30,5.8,3.2,0,5,14,9,1046,1,5.7
BBQ Teriyaki Chicken,"Trader Joe’s – 931 Monroe Dr NE, Atlanta, GA 30308",9.59,protein,316,23,24,5.8,3.2,0,8,15,5,449,1,9.59
Vegetable Fried Rice,"Trader Joe’s – 931 Monroe Dr NE, Atlanta, GA 30308",4.26,carbs,234,38,6,6.5,3.3,0,2,15,6,508,5,0.852
Shrimp Stir-Fry,"Trader Joe’s – 931 Monroe Dr NE, Atlanta, GA 30308",10.55,protein,210,4,32,5.7,7.2,0,7,18,12,521,1,10.55
BBQ Cut Salmon,"Trader Joe’s – 931 Monroe Dr NE, Atlanta, GA 30308",5.48,protein,316,4,17,9.6,7.7,0,4,20,9,880,3,1.826666667
Beef Bulgogi,"Trader Joe’s – 931 Monroe Dr NE, Atlanta, GA 30308",12.52,protein,374,28,24,6.3,8.3,0,5,5,9,555,5,2.504
Sriracha Shrimp Bowl,"Trader Joe’s – 931 Monroe Dr NE, Atlanta, GA 30308",5.55,protein,309,56,13,7.1,4.4,0,7,2,2,603,1,5.55
Gnocchi alla Sorrentina,"Trader Joe’s – 931 Monroe Dr NE, Atlanta, GA 30308",2.83,snack,234,45,6,2.8,1.4,0,6,11,10,520,5,0.566
Ricotta & Spinach Tortelloni,"Trader Joe’s – 931 Monroe Dr NE, Atlanta, GA 30308",3.44,veggie,217,34,3,1.8,0.9,0,2,8,4,318,2,1.72
Gnocchi al Gorgonzola,"Trader Joe’s – 931 Monroe Dr NE, Atlanta, GA 30308",4.06,snack,121,29,5,3.3,3,0,8,19,10,406,1,4.06
Cauliflower Gnocchi,"Trader Joe’s – 931 Monroe Dr NE, Atlanta, GA 30308",3.19,veggie,293,23,5,4.3,4.9,0,1,15,10,481,1,3.19
Mushroom Ravioli,"Trader Joe’s – 931 Monroe Dr NE, Atlanta, GA 30308",3.01,snack,222,23,3,1.6,0.9,0,0,3,0,246,4,0.7525
Chicken Gyoza Potstickers,"Trader Joe’s – 931 Monroe Dr NE, Atlanta, GA 30308",11.98,protein,345,9,32,4.2,3,0,6,4,10,226,4,2.995
Pork Gyoza Potstickers,"Trader Joe’s – 931 Monroe Dr NE, Atlanta, GA 30308",8.83,protein,264,22,34,6.9,3.5,0,4,2,2,699,1,8.83
Vegetable Spring Rolls,"Trader Joe’s – 931 Monroe Dr NE, Atlanta, GA 30308",2.62,snack,106,31,6,1.9,1.9,0,8,11,2,568,2,1.31
Chicken Spring Rolls,"Trader Joe’s – 931 Monroe Dr NE, Atlanta, GA 30308",10.56,protein,376,34,15,9.2,5.9,0,4,16,5,858,1,10.56
Vegetable Biryani,"Trader Joe’s – 931 Monroe Dr NE, Atlanta, GA 30308",2.72,snack,122,32,5,2,2.3,0,3,7,6,377,5,0.544
Mac & Cheese,"Trader Joe’s – 931 Monroe Dr NE, Atlanta, GA 30308",7.15,dairy,469,39,18,9.7,6.6,0,7,8,3,379,4,1.7875
Hatch Chile Mac & Cheese,"Trader Joe’s – 931 Monroe Dr NE, Atlanta, GA 30308",4.31,dairy,457,63,23,6.4,8.8,0,1,7,7,707,1,4.31
Riced Cauliflower Stir Fry,"Trader Joe’s – 931 Monroe Dr NE, Atlanta, GA 30308",4.72,veggie,170,41,3,2.4,3.5,0,5,20,1,81,5,0.944
Veggie Masala Burgers,"Trader Joe’s – 931 Monroe Dr NE, Atlanta, GA 30308",5.73,protein,493,32,24,9.7,10.8,0,5,2,12,839,1,5.73
Turkey Burgers,"Trader Joe’s – 931 Monroe Dr NE, Atlanta, GA 30308",4.67,protein,464,50,26,6,8.4,0,2,0,2,1092,2,2.335
Chicken Lime Burgers,"Trader Joe’s – 931 Monroe Dr NE, Atlanta, GA 30308",7.74,protein,431,54,16,9.3,8.5,0,2,17,8,835,6,1.29
Fish Nuggets,"Trader Joe’s – 931 Monroe Dr NE, Atlanta, GA 30308",3.36,protein,153,15,1,6.3,6.7,0,2,13,3,132,6,0.56
Breaded Chicken Tenderloins,"Trader Joe’s – 931 Monroe Dr NE, Atlanta, GA 30308",7.6,protein,411,13,15,5.5,3.5,0,8,13,2,446,5,1.52
Mini Chicken Tacos,"Trader Joe’s – 931 Monroe Dr NE, Atlanta, GA 30308",11.61,protein,215,22,29,6.3,7.6,0,8,4,8,729,1,11.61
BBQ Pulled Pork,"Trader Joe’s – 931 Monroe Dr NE, Atlanta, GA 30308",5.02,protein,238,33,31,3.5,2.7,0,2,5,2,387,5,1.004
Sublime Ice Cream Sandwiches,"Trader Joe’s – 931 Monroe Dr NE, Atlanta, GA 30308",5.8,dairy,201,17,2,1.4,1.2,0,1,17,0,608,5,1.16
Hold the Cone! Mini Ice Cream Cones,"Trader Joe’s – 931 Monroe Dr NE, Atlanta, GA 30308",1.64,dairy,143,22,6,0.2,0.1,0,1,14,5,503,4,0.41
Mini Hold the Cone! Chocolate Chip,"Trader Joe’s – 931 Monroe Dr NE, Atlanta, GA 30308",4.01,snack,299,39,6,7.4,4.6,0,8,7,11,140,1,4.01
Mini Ice Cream Sandwiches Vanilla,"Trader Joe’s – 931 Monroe Dr NE, Atlanta, GA 30308",3.92,dairy,213,26,5,4.4,2.3,0,1,21,3,164,2,1.96
Cauliflower Rice,"Trader Joe’s – 931 Monroe Dr NE, Atlanta, GA 30308",3.92,veggie,229,24,3,3.5,3.9,0,5,4,4,238,1,3.92
Hash Browns (10 patties),"Trader Joe’s – 931 Monroe Dr NE, Atlanta, GA 30308",4.96,snack,155,49,3,5.4,2.6,0,3,5,11,578,5,0.992
Potato Tots,"Trader Joe’s – 931 Monroe Dr NE, Atlanta, GA 30308",5.46,carbs,190,42,8,1.7,1,0,0,10,8,366,2,2.73
Roasted Corn,"Trader Joe’s – 931 Monroe Dr NE, Atlanta, GA 30308",4.87,snack,237,48,7,1.2,0.9,0,1,7,1,382,3,1.623333333
Mashed Potatoes,"Trader Joe’s – 931 Monroe Dr NE, Atlanta, GA 30308",4.45,carbs,141,36,4,1.1,1.2,0,4,12,2,356,4,1.1125
Creamed Spinach,"Trader Joe’s – 931 Monroe Dr NE, Atlanta, GA 30308",4.39,veggie,257,52,6,3.6,2.4,0,2,13,1,365,2,2.195
Spinach & Artichoke Dip,"Trader Joe’s – 931 Monroe Dr NE, Atlanta, GA 30308",3.02,veggie,74,2,1,5.1,2.5,0,1,14,0,233,5,0.604
Spanakopita,"Trader Joe’s – 931 Monroe Dr NE, Atlanta, GA 30308",6.1,snack,366,60,25,14.1,8.7,0,3,3,2,482,1,6.1
Phyllo Feta Bites,"Trader Joe’s – 931 Monroe Dr NE, Atlanta, GA 30308",4.91,dairy,103,3,8,2.9,1.9,0,4,14,8,216,5,0.982
Vegetable Samosas,"Trader Joe’s – 931 Monroe Dr NE, Atlanta, GA 30308",4.05,snack,452,36,20,9.5,4.1,0,8,17,3,606,3,1.35
Chicken Samosas,"Trader Joe’s – 931 Monroe Dr NE, Atlanta, GA 30308",6.62,protein,411,55,19,15.4,7.6,0,8,12,8,1015,5,1.324
Steamed Chicken Soup Dumplings,"Trader Joe’s – 931 Monroe Dr NE, Atlanta, GA 30308",6.53,drink,358,38,19,6.1,7.4,0,6,11,0,1073,6,1.088333333
Steamed Pork & Ginger Soup Dumplings,"Trader Joe’s – 931 Monroe Dr NE, Atlanta, GA 30308",4.64,drink,494,33,12,4.3,4.8,0,1,21,6,611,2,2.32
Rolled Corn Chili & Lime Tortilla Chips,"Trader Joe’s – 931 Monroe Dr NE, Atlanta, GA 30308",2.46,carbs,249,38,6,2.4,1.5,0,7,0,4,550,1,2.46
Ghost Pepper Potato Chips,"Trader Joe’s – 931 Monroe Dr NE, Atlanta, GA 30308",2.38,carbs,213,25,5,5.6,2.6,0,0,10,6,238,5,0.476
Organic Corn Chip Dippers,"Trader Joe’s – 931 Monroe Dr NE, Atlanta, GA 30308",2.26,snack,141,50,4,3.8,2.2,0,1,4,6,596,5,0.452
Plantain Chips,"Trader Joe’s – 931 Monroe Dr NE, Atlanta, GA 30308",3.88,snack,130,27,1,4.1,3.9,0,2,21,11,123,6,0.646666667
Sweet Plantain Chips,"Trader Joe’s – 931 Monroe Dr NE, Atlanta, GA 30308",1.85,snack,219,25,6,9.7,5.1,0,8,20,6,396,2,0.925
Veggie Sticks,"Trader Joe’s – 931 Monroe Dr NE, Atlanta, GA 30308",6.75,snack,209,18,2,3.5,3.1,0,3,2,0,768,3,2.25
Pita Chips with Sea Salt,"Trader Joe’s – 931 Monroe Dr NE, Atlanta, GA 30308",1.62,snack,130,19,6,5.7,2.9,0,0,20,8,311,1,1.62
Popcorn with Herbs & Spices,"Trader Joe’s – 931 Monroe Dr NE, Atlanta, GA 30308",4.68,snack,294,35,5,2.3,1.8,0,1,21,8,151,5,0.936
Organic Popcorn with Olive Oil,"Trader Joe’s – 931 Monroe Dr NE, Atlanta, GA 30308",4.26,snack,136,50,4,3.8,4.7,0,3,23,10,320,6,0.71
White Cheddar Corn Puffs,"Trader Joe’s – 931 Monroe Dr NE, Atlanta, GA 30308",3.84,dairy,237,51,8,2.9,2.2,0,3,2,9,374,1,3.84
Peanut Butter Filled Pretzel Nuggets,"Trader Joe’s – 931 Monroe Dr NE, Atlanta, GA 30308",1.82,dairy,157,25,3,5.7,5.8,0,7,1,7,398,5,0.364
Crispy Crunchy Mochi Rice Nuggets,"Trader Joe’s – 931 Monroe Dr NE, Atlanta, GA 30308",3.39,carbs,188,26,7,2,1.7,0,1,17,3,372,1,3.39
Roasted Seaweed Snacks,"Trader Joe’s – 931 Monroe Dr NE, Atlanta, GA 30308",3.97,snack,199,17,4,2.9,2.3,0,6,6,3,339,5,0.794
Elote Corn Chip Dippers,"Trader Joe’s – 931 Monroe Dr NE, Atlanta, GA 30308",3.8,snack,139,57,2,1.7,1.4,0,8,8,1,448,2,1.9
Bamba Peanut Snacks,"Trader Joe’s – 931 Monroe Dr NE, Atlanta, GA 30308",1.5,snack,213,22,4,7.8,6.2,0,7,21,7,92,4,0.375
Bamba with Hazelnut Creme,"Trader Joe’s – 931 Monroe Dr NE, Atlanta, GA 30308",3.59,snack,223,24,6,3.8,2.6,0,0,10,12,241,6,0.598333333
Salsa Verde,"Trader Joe’s – 931 Monroe Dr NE, Atlanta, GA 30308",3.07,snack,83,8,1,5.5,3.1,0,5,2,6,126,5,0.614
Salsa Autentica,"Trader Joe’s – 931 Monroe Dr NE, Atlanta, GA 30308",2.69,snack,89,3,3,4,4.5,0,4,20,2,144,4,0.6725
Salsa Especial,"Trader Joe’s – 931 Monroe Dr NE, Atlanta, GA 30308",4.26,snack,71,6,4,3.6,2,0,6,17,8,311,3,1.42
Pineapple Salsa,"Trader Joe’s – 931 Monroe Dr NE, Atlanta, GA 30308",3.78,fruit,66,3,1,4.9,3.6,0,4,15,0,434,4,0.945
Chunky Spicy Guacamole Autentico,"Trader Joe’s – 931 Monroe Dr NE, Atlanta, GA 30308",5.55,snack,220,18,4,2.3,1.5,0,4,12,10,344,5,1.11
Mediterranean Hummus,"Trader Joe’s – 931 Monroe Dr NE, Atlanta, GA 30308",2.81,snack,70,6,4,3.4,2.5,0,3,16,12,205,4,0.7025
Classic Hummus,"Trader Joe’s – 931 Monroe Dr NE, Atlanta, GA 30308",3.34,snack,103,10,2,3.1,2.1,0,8,6,3,508,3,1.113333333
Roasted Garlic Hummus,"Trader Joe’s – 931 Monroe Dr NE, Atlanta, GA 30308",4.11,veggie,51,4,3,3.6,2.3,0,3,0,11,308,3,1.37
Olive Tapenade,"Trader Joe’s – 931 Monroe Dr NE, Atlanta, GA 30308",3.99,snack,92,8,4,4.6,2.6,0,7,8,9,258,2,1.995
Tzatziki Creamy Garlic Cucumber Dip,"Trader Joe’s – 931 Monroe Dr NE, Atlanta, GA 30308",3.78,veggie,86,4,2,1.1,1.5,0,6,9,0,316,2,1.89
Dark Chocolate Peanut Butter Cups,"Trader Joe’s – 931 Monroe Dr NE, Atlanta, GA 30308",3.21,dairy,202,21,5,7.4,9.7,0,1,12,8,131,6,0.535
Dark Chocolate Almonds,"Trader Joe’s – 931 Monroe Dr NE, Atlanta, GA 30308",4.42,snack,289,34,3,11.3,6.5,0,1,23,11,48,2,2.21
Mini Peanut Butter Cups,"Trader Joe’s – 931 Monroe Dr NE, Atlanta, GA 30308",6.98,dairy,188,10,7,11.1,4.7,0,0,20,11,32,1,6.98
Scandinavian Swimmers,"Trader Joe’s – 931 Monroe Dr NE, Atlanta, GA 30308",2.24,snack,247,24,4,8.7,6.6,0,4,16,9,205,5,0.448
Dark Chocolate Almond Butter Cups,"Trader Joe’s – 931 Monroe Dr NE, Atlanta, GA 30308",2.74,dairy,219,32,4,6.3,5.9,0,7,8,5,12,3,0.913333333
Dark Chocolate Covered Almonds,"Trader Joe’s – 931 Monroe Dr NE, Atlanta, GA 30308",3.61,snack,232,35,6,7.7,4.6,0,0,0,3,115,5,0.722
Chocolate Covered Pretzel Slims,"Trader Joe’s – 931 Monroe Dr NE, Atlanta, GA 30308",2.06,snack,247,35,4,3.7,2.1,0,0,22,5,297,4,0.515
Dark Chocolate 72% Cacao Bar,"Trader Joe’s – 931 Monroe Dr NE, Atlanta, GA 30308",2.16,snack,277,31,5,5.5,6.5,0,7,6,4,199,3,0.72
Milk Chocolate Truffle,"Trader Joe’s – 931 Monroe Dr NE, Atlanta, GA 30308",4.37,dairy,219,27,5,5.7,6.5,0,7,19,2,85,6,0.728333333
Raw Almonds,"Trader Joe’s – 931 Monroe Dr NE, Atlanta, GA 30308",9.44,snack,158,23,6,11.7,5.4,0,0,6,0,152,4,2.36
Dry Roasted Almonds,"Trader Joe’s – 931 Monroe Dr NE, Atlanta, GA 30308",9.28,snack,206,12,6,5.8,2.7,0,5,23,1,100,3,3.093333333
Dry Roasted Cashews,"Trader Joe’s – 931 Monroe Dr NE, Atlanta, GA 30308",6.26,snack,140,13,5,5,4.9,0,4,21,11,134,5,1.252
Salted Peanuts,"Trader Joe’s – 931 Monroe Dr NE, Atlanta, GA 30308",3.56,snack,178,19,5,8.3,4.1,0,6,3,8,20,1,3.56
Raw Pecan Halves,"Trader Joe’s – 931 Monroe Dr NE, Atlanta, GA 30308",3.33,snack,156,20,5,9.5,6.2,0,7,6,5,110,1,3.33
Raw Walnuts,"Trader Joe’s – 931 Monroe Dr NE, Atlanta, GA 30308",7.41,snack,199,22,4,5.3,5.9,0,3,20,12,121,5,1.482
Raw Pistachios,"Trader Joe’s – 931 Monroe Dr NE, Atlanta, GA 30308",4.35,snack,181,9,6,5.6,2.7,0,1,19,5,15,4,1.0875
Trail Mix Trek Mix,"Trader Joe’s – 931 Monroe Dr NE, Atlanta, GA 30308",8.01,snack,176,16,5,9.1,8.5,0,5,8,4,67,2,4.005
Dried Mango,"Trader Joe’s – 931 Monroe Dr NE, Atlanta, GA 30308",2.68,fruit,120,34,6,9.9,4.6,0,7,24,6,199,3,0.893333333
Dried Cranberries,"Trader Joe’s – 931 Monroe Dr NE, Atlanta, GA 30308",2.25,fruit,184,28,4,3.5,2.8,0,2,19,3,84,2,1.125
Medjool Dates,"Trader Joe’s – 931 Monroe Dr NE, Atlanta, GA 30308",4.37,snack,171,18,6,5.4,6.2,0,2,7,6,20,4,1.0925
Soft & Juicy Dried Mandarins,"Trader Joe’s – 931 Monroe Dr NE, Atlanta, GA 30308",3.7,fruit,136,35,1,5.3,4.5,0,1,8,9,162,4,0.925
Brown Basmati Rice,"Trader Joe’s – 931 Monroe Dr NE, Atlanta, GA 30308",2.69,carbs,141,33,2,2.2,3.2,0,6,14,9,537,1,2.69
Jasmine Rice,"Trader Joe’s – 931 Monroe Dr NE, Atlanta, GA 30308",2.87,carbs,292,35,7,2.9,3.4,0,4,11,4,204,6,0.478333333
Organic Quinoa,"Trader Joe’s – 931 Monroe Dr NE, Atlanta, GA 30308",6.35,carbs,146,22,9,1.3,0.7,0,3,10,1,197,1,6.35
Israeli Couscous,"Trader Joe’s – 931 Monroe Dr NE, Atlanta, GA 30308",4.04,carbs,181,26,5,2.6,1.5,0,0,3,0,142,5,0.808
Pasta Fusilli,"Trader Joe’s – 931 Monroe Dr NE, Atlanta, GA 30308",2.15,carbs,201,24,9,5,2.3,0,3,19,9,340,5,0.43
Penne Rigate,"Trader Joe’s – 931 Monroe Dr NE, Atlanta, GA 30308",5.75,snack,129,14,7,2.7,1.4,0,0,3,10,657,3,1.916666667
Spaghetti,"Trader Joe’s – 931 Monroe Dr NE, Atlanta, GA 30308",1.7,snack,169,23,2,1.9,1,0,3,0,5,248,3,0.566666667
Organic Marinara Sauce,"Trader Joe’s – 931 Monroe Dr NE, Atlanta, GA 30308",4.5,snack,184,33,4,3.4,1.6,0,1,13,1,72,6,0.75
Tomato Basil Marinara,"Trader Joe’s – 931 Monroe Dr NE, Atlanta, GA 30308",5.31,veggie,181,45,4,3.4,1.7,0,6,9,10,207,3,1.77
Arrabbiata Sauce,"Trader Joe’s – 931 Monroe Dr NE, Atlanta, GA 30308",3.78,snack,158,36,2,1.3,1.2,0,5,20,3,405,5,0.756
Vodka Sauce,"Trader Joe’s – 931 Monroe Dr NE, Atlanta, GA 30308",2.11,snack,180,35,5,4.3,3.2,0,1,12,9,200,4,0.5275
Thai Green Curry Sauce,"Trader Joe’s – 931 Monroe Dr NE, Atlanta, GA 30308",5.93,snack,173,39,4,0.7,0.3,0,6,2,9,185,5,1.186
Yellow Thai Curry Sauce,"Trader Joe’s – 931 Monroe Dr NE, Atlanta, GA 30308",6.58,snack,174,42,4,0.8,0.4,0,1,12,7,573,4,1.645
Soyaki Sauce,"Trader Joe’s – 931 Monroe Dr NE, Atlanta, GA 30308",1.78,snack,130,29,4,4.6,2.1,0,6,2,11,534,1,1.78
Gyoza Dipping Sauce,"Trader Joe’s – 931 Monroe Dr NE, Atlanta, GA 30308",11.76,snack,358,10,35,9.7,5.7,0,7,5,9,614,1,11.76
Sriracha Sauce,"Trader Joe’s – 931 Monroe Dr NE, Atlanta, GA 30308",2.31,snack,135,12,8,4.9,2.6,0,3,1,8,407,3,0.77
Organic Chicken Bone Broth,"Trader Joe’s – 931 Monroe Dr NE, Atlanta, GA 30308",11.21,protein,415,2,25,3.8,3.6,0,6,9,9,763,4,2.8025
Vegetable Broth,"Trader Joe’s – 931 Monroe Dr NE, Atlanta, GA 30308",1.62,snack,143,37,8,3,2.3,0,7,14,3,488,6,0.27
Organic Low Sodium Chicken Broth,"Trader Joe’s – 931 Monroe Dr NE, Atlanta, GA 30308",7.86,protein,314,29,20,9.1,6.6,0,5,2,12,268,6,1.31
Refried Black Beans,"Trader Joe’s – 931 Monroe Dr NE, Atlanta, GA 30308",5.77,carbs,193,42,2,0.2,0.1,0,8,2,0,791,1,5.77
Organic Black Beans,"Trader Joe’s – 931 Monroe Dr NE, Atlanta, GA 30308",5.3,carbs,209,34,4,0.1,0.1,0,1,6,2,668,1,5.3
Organic Garbanzo Beans,"Trader Joe’s – 931 Monroe Dr NE, Atlanta, GA 30308",6.07,carbs,205,28,4,2.7,2.8,0,4,5,5,266,6,1.011666667
Organic Kidney Beans,"Trader Joe’s – 931 Monroe Dr NE, Atlanta, GA 30308",4.75,carbs,150,39,4,0.8,1.2,0,8,7,5,531,6,0.791666667
Organic Tomato Paste,"Trader Joe’s – 931 Monroe Dr NE, Atlanta, GA 30308",3.29,veggie,175,12,5,1,0.5,0,6,5,12,324,3,1.096666667
Organic Diced & Fire Roasted Tomatoes,"Trader Joe’s – 931 Monroe Dr NE, Atlanta, GA 30308",4.36,veggie,147,17,2,3,2.1,0,1,8,8,503,6,0.726666667
Dolmas (Stuffed Grape Leaves),"Trader Joe’s – 931 Monroe Dr NE, Atlanta, GA 30308",3.31,fruit,180,33,6,1.8,1.2,0,1,14,3,189,5,0.662
Everything but the Bagel Seasoning,"Trader Joe’s – 931 Monroe Dr NE, Atlanta, GA 30308",6.6,carbs,125,13,6,4.1,2.5,0,5,23,0,694,6,1.1
21 Seasoning Salute,"Trader Joe’s – 931 Monroe Dr NE, Atlanta, GA 30308",3.49,snack,88,24,4,1.2,1.1,0,0,4,7,467,4,0.8725
Chili Lime Seasoning Blend,"Trader Joe’s – 931 Monroe Dr NE, Atlanta, GA 30308",4.37,snack,138,12,2,0.2,0.2,0,8,7,6,351,3,1.456666667
Onion Salt,"Trader Joe’s – 931 Monroe Dr NE, Atlanta, GA 30308",1.57,veggie,157,18,5,1.3,1.6,0,3,22,2,202,6,0.261666667
Italian Style Sprinkle Seasoning,"Trader Joe’s – 931 Monroe Dr NE, Atlanta, GA 30308",5.95,snack,195,16,3,2.2,2.9,0,0,1,10,316,4,1.4875
Smoked Paprika,"Trader Joe’s – 931 Monroe Dr NE, Atlanta, GA 30308",4.41,snack,169,38,9,0.9,1.1,0,6,5,3,85,6,0.735
Sea Salt Crystals,"Trader Joe’s – 931 Monroe Dr NE, Atlanta, GA 30308",3.76,snack,120,13,3,0.1,0,0,8,19,10,241,3,1.253333333
Ground Black Pepper,"Trader Joe’s – 931 Monroe Dr NE, Atlanta, GA 30308",6.96,snack,209,36,4,2.8,1.3,0,7,22,8,680,1,6.96
Extra Virgin Olive Oil,"Trader Joe’s – 931 Monroe Dr NE, Atlanta, GA 30308",3.98,snack,81,34,8,3.4,2.6,0,3,3,4,799,4,0.995
Avocado Oil,"Trader Joe’s – 931 Monroe Dr NE, Atlanta, GA 30308",5.4,snack,139,12,3,1.3,1.4,0,4,20,8,751,3,1.8
Coconut Oil,"Trader Joe’s – 931 Monroe Dr NE, Atlanta, GA 30308",6.33,snack,191,43,6,1,1.4,0,0,5,4,262,2,3.165
Sesame Oil,"Trader Joe’s – 931 Monroe Dr NE, Atlanta, GA 30308",4.8,snack,140,22,4,3.6,2.4,0,6,20,11,438,5,0.96
Creamy Peanut Butter,"Trader Joe’s – 931 Monroe Dr NE, Atlanta, GA 30308",9.68,dairy,198,23,6,8,8.4,0,3,18,4,6,1,9.68
Crunchy Peanut Butter,"Trader Joe’s – 931 Monroe Dr NE, Atlanta, GA 30308",3.22,dairy,157,20,7,7.4,6.5,0,1,3,9,43,4,0.805
Almond Butter,"Trader Joe’s – 931 Monroe Dr NE, Atlanta, GA 30308",7.49,dairy,150,19,4,10.4,4.6,0,0,22,1,35,1,7.49
Cashew Butter,"Trader Joe’s – 931 Monroe Dr NE, Atlanta, GA 30308",3.45,dairy,135,10,7,10,5.6,0,6,3,3,136,2,1.725
Speculoos Cookie Butter,"Trader Joe’s – 931 Monroe Dr NE, Atlanta, GA 30308",1.97,dairy,132,23,3,0.1,0.2,0,4,15,1,811,3,0.656666667
Rolled Oats,"Trader Joe’s – 931 Monroe Dr NE, Atlanta, GA 30308",3.42,carbs,113,16,5,1.5,0.9,0,4,1,11,307,2,1.71
Maple Syrup Grade A,"Trader Joe’s – 931 Monroe Dr NE, Atlanta, GA 30308",1.66,snack,174,30,9,3.5,3.3,0,8,24,1,71,6,0.276666667
Pancake Mix Buttermilk,"Trader Joe’s – 931 Monroe Dr NE, Atlanta, GA 30308",6,dairy,168,40,2,2.7,1.6,0,2,13,0,133,2,3
Brioche French Toast,"Trader Joe’s – 931 Monroe Dr NE, Atlanta, GA 30308",3.96,snack,274,32,6,4.5,6.6,0,7,22,12,122,4,0.99
Everything Bagels (6 ct),"Trader Joe’s – 931 Monroe Dr NE, Atlanta, GA 30308",5.32,carbs,187,51,8,2.8,3.4,0,4,6,11,253,4,1.33
Cinnamon Raisin Bagels (6 ct),"Trader Joe’s – 931 Monroe Dr NE, Atlanta, GA 30308",4.85,carbs,199,51,5,1.7,1.6,0,8,3,10,161,4,1.2125
Plain Bagels (6 ct),"Trader Joe’s – 931 Monroe Dr NE, Atlanta, GA 30308",3.76,carbs,223,42,4,3.9,2.9,0,0,11,3,501,1,3.76
Sourdough Sandwich Bread,"Trader Joe’s – 931 Monroe Dr NE, Atlanta, GA 30308",3.19,carbs,217,36,7,7,5.8,0,7,4,8,314,2,1.595
Brioche Buns (4 ct),"Trader Joe’s – 931 Monroe Dr NE, Atlanta, GA 30308",5.09,carbs,292,58,9,1.3,1.1,0,7,21,8,387,4,1.2725
Brioche Loaf,"Trader Joe’s – 931 Monroe Dr NE, Atlanta, GA 30308",2.87,snack,222,30,7,3.4,3.9,0,7,20,11,416,4,0.7175
Greek Yogurt Honey,"Trader Joe’s – 931 Monroe Dr NE, Atlanta, GA 30308",4.75,dairy,100,11,9,2.6,2.8,0,3,23,5,376,5,0.95
Greek Yogurt Plain,"Trader Joe’s – 931 Monroe Dr NE, Atlanta, GA 30308",5.88,dairy,147,11,11,2.6,1.8,0,1,5,10,156,3,1.96
Greek Yogurt Vanilla,"Trader Joe’s – 931 Monroe Dr NE, Atlanta, GA 30308",2.83,dairy,83,6,12,2.9,1.5,0,4,6,1,214,2,1.415
Whole Milk,"Trader Joe’s – 931 Monroe Dr NE, Atlanta, GA 30308",3.29,dairy,151,4,10,2.9,2,0,6,22,3,77,4,0.8225
2% Reduced Fat Milk,"Trader Joe’s – 931 Monroe Dr NE, Atlanta, GA 30308",3.31,dairy,134,13,10,4.7,2.5,0,3,13,11,369,5,0.662
Organic Whole Milk,"Trader Joe’s – 931 Monroe Dr NE, Atlanta, GA 30308",4.64,dairy,143,12,12,5.3,5.3,0,3,21,2,394,3,1.546666667
Almond Beverage Unsweetened,"Trader Joe’s – 931 Monroe Dr NE, Atlanta, GA 30308",4.69,snack,145,22,6,5.7,5.4,0,6,22,11,25,6,0.781666667
Oat Beverage Original,"Trader Joe’s – 931 Monroe Dr NE, Atlanta, GA 30308",5.35,snack,150,5,10,5.9,4.7,0,8,21,10,70,4,1.3375
Cage-Free Large Eggs,"Trader Joe’s – 931 Monroe Dr NE, Atlanta, GA 30308",1.66,snack,93,13,11,5.8,4.2,0,8,6,2,310,3,0.553333333
Organic Large Brown Eggs,"Trader Joe’s – 931 Monroe Dr NE, Atlanta, GA 30308",2.41,snack,161,6,14,2.7,3.4,0,7,16,0,293,6,0.401666667
Butter Unsalted,"Trader Joe’s – 931 Monroe Dr NE, Atlanta, GA 30308",2.5,dairy,174,43,7,1.4,1.9,0,8,24,1,255,4,0.625
Butter Salted,"Trader Joe’s – 931 Monroe Dr NE, Atlanta, GA 30308",3.79,dairy,171,13,6,1.3,0.9,0,6,20,11,53,2,1.895
Shredded Mexican Blend Cheese,"Trader Joe’s – 931 Monroe Dr NE, Atlanta, GA 30308",5.72,dairy,156,8,15,3.4,2,0,8,7,12,439,2,2.86
Shredded Mozzarella,"Trader Joe’s – 931 Monroe Dr NE, Atlanta, GA 30308",2.36,dairy,120,10,9,1.9,2.6,0,8,23,3,95,1,2.36
Shredded Parmesan,"Trader Joe’s – 931 Monroe Dr NE, Atlanta, GA 30308",2.18,snack,117,32,8,2.2,1.5,0,7,11,12,601,2,1.09
Fresh Mozzarella,"Trader Joe’s – 931 Monroe Dr NE, Atlanta, GA 30308",2.33,dairy,178,6,10,4.6,4.7,0,0,23,12,278,2,1.165
Unexpected Cheddar,"Trader Joe’s – 931 Monroe Dr NE, Atlanta, GA 30308",4.3,dairy,105,8,9,5.4,3.5,0,1,21,5,308,2,2.15
Goat Cheese Log,"Trader Joe’s – 931 Monroe Dr NE, Atlanta, GA 30308",3.88,dairy,89,7,12,1.6,1.9,0,5,20,9,226,6,0.646666667
Crumbled Feta,"Trader Joe’s – 931 Monroe Dr NE, Atlanta, GA 30308",4.23,dairy,71,13,6,3.3,1.6,0,2,7,2,210,2,2.115
Blue Cheese Crumbles,"Trader Joe’s – 931 Monroe Dr NE, Atlanta, GA 30308",2.25,dairy,169,10,11,6.5,3.6,0,1,21,8,266,1,2.25
Smoked Salmon,"Trader Joe’s – 931 Monroe Dr NE, Atlanta, GA 30308",11.7,protein,401,19,21,7.6,4.3,0,1,17,1,280,4,2.925
Everything But the Bagel Smoked Salmon,"Trader Joe’s – 931 Monroe Dr NE, Atlanta, GA 30308",8.86,protein,267,26,22,8.9,7,0,2,22,7,770,5,1.772
Prosciutto,"Trader Joe’s – 931 Monroe Dr NE, Atlanta, GA 30308",7.19,snack,101,3,12,3.3,4.1,0,7,22,9,246,2,3.595
Roasted Turkey Breast Slices,"Trader Joe’s – 931 Monroe Dr NE, Atlanta, GA 30308",6.43,protein,327,18,29,6,4.5,0,5,20,10,892,3,2.143333333
Black Forest Ham,"Trader Joe’s – 931 Monroe Dr NE, Atlanta, GA 30308",5.54,protein,73,0,19,1.2,1.3,0,7,24,2,578,3,1.846666667
Honey Roasted Turkey,"Trader Joe’s – 931 Monroe Dr NE, Atlanta, GA 30308",7.72,protein,208,13,28,8.1,5.4,0,8,17,12,874,1,7.72
Uncured Applewood Smoked Bacon,"Trader Joe’s – 931 Monroe Dr NE, Atlanta, GA 30308",4.45,fruit,96,2,16,3.4,2,0,7,12,5,293,2,2.225
Organic Ground Turkey 93% Lean,"Trader Joe’s – 931 Monroe Dr NE, Atlanta, GA 30308",7.64,protein,328,17,31,6.4,3.7,0,5,22,4,704,4,1.91
All Natural Chicken Thighs,"Trader Joe’s – 931 Monroe Dr NE, Atlanta, GA 30308",9.58,protein,232,5,16,5.8,5,0,6,9,1,615,5,1.916
Organic Chicken Breasts,"Trader Joe’s – 931 Monroe Dr NE, Atlanta, GA 30308",11.3,protein,201,2,21,8.9,7,0,8,19,6,873,3,3.766666667
Grilled Balsamic Chicken Breast,"Trader Joe’s – 931 Monroe Dr NE, Atlanta, GA 30308",6.69,protein,357,9,35,7,7.1,0,7,20,12,897,5,1.338
Bananas,"Trader Joe’s – 931 Monroe Dr NE, Atlanta, GA 30308",0.55,fruit,62,11,2,1,0.7,0,2,9,8,6,5,0.11
Organic Bananas,"Trader Joe’s – 931 Monroe Dr NE, Atlanta, GA 30308",3.04,fruit,130,16,3,0.3,0.1,0,0,15,9,1,3,1.013333333
Organic Baby Spinach,"Trader Joe’s – 931 Monroe Dr NE, Atlanta, GA 30308",2.5,veggie,106,9,1,0.8,0.7,0,0,21,6,44,2,1.25
Baby Spinach,"Trader Joe’s – 931 Monroe Dr NE, Atlanta, GA 30308",3.39,veggie,116,26,2,0.6,0.4,0,3,4,10,6,6,0.565
Arugula,"Trader Joe’s – 931 Monroe Dr NE, Atlanta, GA 30308",1.47,veggie,41,21,1,0,0,0,1,4,7,54,5,0.294
Spring Mix,"Trader Joe’s – 931 Monroe Dr NE, Atlanta, GA 30308",5.75,snack,84,27,5,1.7,1.9,0,2,23,12,91,5,1.15
Romaine Hearts,"Trader Joe’s – 931 Monroe Dr NE, Atlanta, GA 30308",4.6,veggie,50,17,5,0.8,0.6,0,0,22,0,59,6,0.766666667
Kale Lacinato,"Trader Joe’s – 931 Monroe Dr NE, Atlanta, GA 30308",2.24,veggie,41,9,1,0.9,0.9,0,4,23,9,39,6,0.373333333
Shaved Brussels Sprouts,"Trader Joe’s – 931 Monroe Dr NE, Atlanta, GA 30308",3.76,veggie,61,35,4,0.7,0.5,0,7,21,2,60,6,0.626666667
Riced Cauliflower (Produce),"Trader Joe’s – 931 Monroe Dr NE, Atlanta, GA 30308",3.15,veggie,157,27,4,6.2,3.4,0,7,8,12,507,1,3.15
Cauliflower Florets,"Trader Joe’s – 931 Monroe Dr NE, Atlanta, GA 30308",4.1,veggie,136,26,3,0.4,0.2,0,5,19,11,41,4,1.025
Broccoli Florets,"Trader Joe’s – 931 Monroe Dr NE, Atlanta, GA 30308",2.19,veggie,41,34,2,0.7,0.5,0,6,19,12,27,6,0.365
Baby Carrots,"Trader Joe’s – 931 Monroe Dr NE, Atlanta, GA 30308",2.39,veggie,154,15,4,0.4,0.2,0,0,9,2,16,5,0.478
Persian Cucumbers,"Trader Joe’s – 931 Monroe Dr NE, Atlanta, GA 30308",3.57,veggie,143,35,5,0.1,0.2,0,7,11,8,51,4,0.8925
English Cucumbers,"Trader Joe’s – 931 Monroe Dr NE, Atlanta, GA 30308",4.68,veggie,50,25,5,0.6,0.4,0,3,9,9,50,4,1.17
Avocados,"Trader Joe’s – 931 Monroe Dr NE, Atlanta, GA 30308",3.87,veggie,47,29,4,0.6,0.3,0,6,14,8,16,4,0.9675
Teeny Tiny Avocados,"Trader Joe’s – 931 Monroe Dr NE, Atlanta, GA 30308",4.53,veggie ,51,25,3,0.9,0.6,0,8,10,7,37,4,1.1325
Honeycrisp Apples,"Trader Joe’s – 931 Monroe Dr NE, Atlanta, GA 30308",1.79,fruit,104,26,2,0.3,0.1,0,5,12,12,11,1,1.79
Gala Apples,"Trader Joe’s – 931 Monroe Dr NE, Atlanta, GA 30308",4.39,fruit,106,35,2,0.2,0.3,0,5,20,7,31,4,1.0975
Granny Smith Apples,"Trader Joe’s – 931 Monroe Dr NE, Atlanta, GA 30308",3.22,fruit,140,10,2,0.4,0.2,0,1,1,3,17,6,0.536666667
Navel Oranges,"Trader Joe’s – 931 Monroe Dr NE, Atlanta, GA 30308",5.71,fruit,204,23,6,4.6,2.8,0,2,8,0,139,4,1.4275
Roma Tomatoes,"Trader Joe’s – 931 Monroe Dr NE, Atlanta, GA 30308",3.52,veggie,166,22,4,2.1,0.9,0,7,15,1,75,1,3.52
Cherry Tomatoes,"Trader Joe’s – 931 Monroe Dr NE, Atlanta, GA 30308",6.75,veggie ,181,17,3,1.1,1,0,8,12,2,696,2,3.375
Red Onions,"Trader Joe’s – 931 Monroe Dr NE, Atlanta, GA 30308",1.26,veggie,97,35,2,0.4,0.3,0,4,11,0,46,1,1.26
Yellow Onions,"Trader Joe’s – 931 Monroe Dr NE, Atlanta, GA 30308",3.68,veggie,155,25,1,1.2,0.5,0,7,1,1,50,2,1.84
Russet Potatoes,"Trader Joe’s – 931 Monroe Dr NE, Atlanta, GA 30308",3.76,carbs,157,40,8,1.3,0.7,0,1,15,5,385,4,0.94
Sweet Potatoes,"Trader Joe’s – 931 Monroe Dr NE, Atlanta, GA 30308",2.71,carbs,215,36,5,1.7,1.3,0,2,21,0,252,2,1.355
Lemons,"Trader Joe’s – 931 Monroe Dr NE, Atlanta, GA 30308",0.84,fruit,99,30,2,1,0.6,0,5,23,2,53,1,0.84
Limes,"Trader Joe’s – 931 Monroe Dr NE, Atlanta, GA 30308",0.83,fruit ,139,22,1,1.1,0.8,0,5,10,3,1,3,0.276666667
Garlic,"Trader Joe’s – 931 Monroe Dr NE, Atlanta, GA 30308",3.7,veggie,101,11,3,0.2,0.1,0,8,4,7,3,5,0.74
Tomato & Roasted Red Pepper Soup,"Trader Joe’s – 931 Monroe Dr NE, Atlanta, GA 30308",4.51,veggie,158,37,5,3.5,1.8,0,5,5,4,357,1,4.51
Organic Creamy Tomato Soup,"Trader Joe’s – 931 Monroe Dr NE, Atlanta, GA 30308",2.16,veggie,245,26,4,3.1,2.5,0,3,17,7,237,1,2.16
Chicken Noodle Soup,"Trader Joe’s – 931 Monroe Dr NE, Atlanta, GA 30308",12.92,protein,413,18,18,5.8,3.3,0,3,7,1,573,1,12.92
Miso Ginger Broth,"Trader Joe’s – 931 Monroe Dr NE, Atlanta, GA 30308",2.28,snack,179,28,8,4.9,2.3,0,0,14,12,783,5,0.456
Pho Broth,"Trader Joe’s – 931 Monroe Dr NE, Atlanta, GA 30308",2.51,snack,209,31,4,1.6,1.9,0,6,1,6,579,2,1.255
Cold Brew Coffee Concentrate,"Trader Joe’s – 931 Monroe Dr NE, Atlanta, GA 30308",4.55,drink,55,17,4,0.2,0.2,0,3,19,1,66,5,0.91
Organic Orange Juice,"Trader Joe’s – 931 Monroe Dr NE, Atlanta, GA 30308",4.13,drink,22,31,2,0.3,0.1,0,3,18,4,85,1,4.13
Sparkling Water Lime,"Trader Joe’s – 931 Monroe Dr NE, Atlanta, GA 30308",5.57,drink,51,0,0,0.8,0.6,0,8,11,5,107,3,1.856666667
Sparkling Water Grapefruit,"Trader Joe’s – 931 Monroe Dr NE, Atlanta, GA 30308",5.35,drink,72,31,0,0,0,0,4,7,2,61,5,1.07
Sparkling Water Plain,"Trader Joe’s – 931 Monroe Dr NE, Atlanta, GA 30308",2.77,drink,93,2,1,0.7,0.7,0,7,16,1,109,1,2.77
Kombucha Ginger Lemon,"Trader Joe’s – 931 Monroe Dr NE, Atlanta, GA 30308",5.33,drink,30,22,1,0.7,0.9,0,0,9,1,41,1,5.33
Green Tea,"Trader Joe’s – 931 Monroe Dr NE, Atlanta, GA 30308",2.21,drink,126,28,4,0.1,0,0,1,7,9,17,2,1.105
Earl Grey Tea,"Trader Joe’s – 931 Monroe Dr NE, Atlanta, GA 30308",1.47,drink,46,10,0,0.3,0.3,0,3,8,0,3,5,0.294
Italian Roast Ground Coffee,"Trader Joe’s – 931 Monroe Dr NE, Atlanta, GA 30308",4.58,drink,118,33,1,0.9,0.5,0,0,8,1,111,4,1.145
French Roast Ground Coffee,"Trader Joe’s – 931 Monroe Dr NE, Atlanta, GA 30308",3.02,drink,119,31,4,0.6,0.4,0,2,17,9,15,2,1.51
Greek Yogurt Strawberry (Single),"Trader Joe’s – 931 Monroe Dr NE, Atlanta, GA 30308",2.5,dairy ,137,5,7,3.8,2.1,0,6,12,12,402,5,0.5
Greek Yogurt Blueberry (Single),"Trader Joe’s – 931 Monroe Dr NE, Atlanta, GA 30308",5.39,dairy ,128,13,6,4.5,5.8,0,4,21,9,80,3,1.796666667
Greek Yogurt Honey (Single),"Trader Joe’s – 931 Monroe Dr NE, Atlanta, GA 30308",2.04,dairy,104,13,14,7.1,3.2,0,0,13,3,111,4,0.51
Greek Yogurt Vanilla (Single),"Trader Joe’s – 931 Monroe Dr NE, Atlanta, GA 30308",4.16,dairy,75,7,7,2.9,2.8,0,8,8,1,121,1,4.16
Greek Yogurt Plain (Single),"Trader Joe’s – 931 Monroe Dr NE, Atlanta, GA 30308",5.47,dairy,129,12,14,6.5,4.9,0,6,18,4,321,1,5.47
Sparkling Water Lime (1L),"Trader Joe’s – 931 Monroe Dr NE, Atlanta, GA 30308",4.46,drink,70,15,0,0.9,0.6,0,3,20,6,58,4,1.115
Sparkling Water Grapefruit (1L),"Trader Joe’s – 931 Monroe Dr NE, Atlanta, GA 30308",3.33,drink,51,35,2,0.5,0.4,0,4,0,3,78,4,0.8325
Sparkling Water Raspberry Lime (1L),"Trader Joe’s – 931 Monroe Dr NE, Atlanta, GA 30308",1.05,drink,85,14,1,0.6,0.4,0,5,5,3,74,4,0.2625
Sparkling Water Blackberry (1L),"Trader Joe’s – 931 Monroe Dr NE, Atlanta, GA 30308",1.27,drink,82,35,2,0.6,0.4,0,0,5,8,27,4,0.3175
Sparkling Water Plain (1L),"Trader Joe’s – 931 Monroe Dr NE, Atlanta, GA 30308",2.76,drink,17,22,3,0.7,0.6,0,1,16,3,106,3,0.92
Pasta Fusilli (Organic),"Trader Joe’s – 931 Monroe Dr NE, Atlanta, GA 30308",4.85,carbs,119,36,7,3.5,1.8,0,4,16,1,247,1,4.85
Pasta Penne (Organic),"Trader Joe’s – 931 Monroe Dr NE, Atlanta, GA 30308",4.71,carbs,201,27,4,2.2,1.1,0,7,12,9,460,2,2.355
Pasta Spaghetti (Organic),"Trader Joe’s – 931 Monroe Dr NE, Atlanta, GA 30308",5.3,carbs,118,36,6,3.6,3.4,0,4,23,5,428,1,5.3
Pasta Farfalle (Organic),"Trader Joe’s – 931 Monroe Dr NE, Atlanta, GA 30308",1.53,carbs,154,32,8,2.2,2,0,7,12,7,703,6,0.255
Pasta Linguine (Organic),"Trader Joe’s – 931 Monroe Dr NE, Atlanta, GA 30308",2.77,carbs,156,21,6,3.6,2.8,0,5,10,9,426,3,0.923333333
Organic Marinara,"Trader Joe’s – 931 Monroe Dr NE, Atlanta, GA 30308",1.75,snack,142,30,5,3.4,4.4,0,7,9,8,50,6,0.291666667
Tomato Basil,"Trader Joe’s – 931 Monroe Dr NE, Atlanta, GA 30308",3.63,veggie,159,44,8,2.2,1.9,0,5,1,9,741,3,1.21
Arrabbiata,"Trader Joe’s – 931 Monroe Dr NE, Atlanta, GA 30308",3.55,snack,169,38,2,2.9,2.5,0,6,20,8,141,4,0.8875
Dry Roasted Pistachios,"Trader Joe’s – 931 Monroe Dr NE, Atlanta, GA 30308",9.28,snack,203,12,4,9.7,7.9,0,5,22,8,112,6,1.546666667
Dry Roasted Walnuts,"Trader Joe’s – 931 Monroe Dr NE, Atlanta, GA 30308",4.22,snack,141,13,5,4.6,6.6,0,4,22,5,79,2,2.11
Dry Roasted Pecans,"Trader Joe’s – 931 Monroe Dr NE, Atlanta, GA 30308",6.52,snack,195,21,8,5.9,3.7,0,3,13,2,130,5,1.304
Organic Black Beans (No Salt Added),"Trader Joe’s – 931 Monroe Dr NE, Atlanta, GA 30308",5.29,protein,95,16,7,2.4,2.2,0,0,0,4,780,1,5.29
Organic Garbanzo Beans (No Salt Added),"Trader Joe’s – 931 Monroe Dr NE, Atlanta, GA 30308",2.57,protein,81,29,8,3.5,3.2,0,7,24,8,724,2,1.285
Organic Kidney Beans (No Salt Added),"Trader Joe’s – 931 Monroe Dr NE, Atlanta, GA 30308",2.35,protein,148,44,4,2.7,1.9,0,8,3,0,164,5,0.47
Organic Pinto Beans (No Salt Added),"Trader Joe’s – 931 Monroe Dr NE, Atlanta, GA 30308",3.86,protein,105,14,4,4.2,3.4,0,0,20,0,518,3,1.286666667
